﻿dtstart,dtend,dtstamp,uid,transp
"2020-08-17T07:00:00","2020-08-17T08:00:00","2021-10-24T00:16:00Z","0icn2stula5qpat7cv26ies2qg@google.com","OPAQUE"
"2020-08-30T05:30:00","2020-08-30T06:30:00","2021-10-24T00:16:00Z","0icn2stula5qpat7cv26ies2qg@google.com","OPAQUE"
"2020-08-31T05:45:00","2020-08-31T06:45:00","2021-10-24T00:16:00Z","0icn2stula5qpat7cv26ies2qg@google.com","OPAQUE"
"2020-09-03T05:45:00","2020-09-03T06:45:00","2021-10-24T00:16:00Z","0icn2stula5qpat7cv26ies2qg_R20200902T120000@google.com","OPAQUE"
"2020-09-02T07:00:00","2020-09-02T08:00:00","2021-10-24T00:16:00Z","0icn2stula5qpat7cv26ies2qg_R20200902T120000@google.com","OPAQUE"
"2020-08-21T22:30:00","2020-08-21T23:00:00","2021-10-24T00:16:00Z","0f6njq6ts14bp5tkorphj7of64@google.com","OPAQUE"
"2020-08-24T07:00:00","2020-08-24T07:30:00","2021-10-24T00:16:00Z","0f6njq6ts14bp5tkorphj7of64@google.com","OPAQUE"
"2020-09-03T10:15:00","2020-09-03T10:45:00","2021-10-24T00:16:00Z","0f6njq6ts14bp5tkorphj7of64@google.com","OPAQUE"
"2020-09-05T23:30:00","2020-09-06T00:00:00","2021-10-24T00:16:00Z","0f6njq6ts14bp5tkorphj7of64@google.com","OPAQUE"
"2020-08-17T23:00:00","2020-08-18T06:00:00","2021-10-24T00:16:00Z","qeac88b2k4phdc8b44rmm3i69c@google.com","TRANSPARENT"
"2020-09-15T23:00:00","2020-09-16T05:00:00","2021-10-24T00:16:00Z","qeac88b2k4phdc8b44rmm3i69c_R20200916T040000@google.com","TRANSPARENT"
"2020-09-16T00:30:00","2020-09-16T05:30:00","2021-10-24T00:16:00Z","qeac88b2k4phdc8b44rmm3i69c_R20200916T040000@google.com","TRANSPARENT"
"2020-09-17T23:00:00","2020-09-18T00:00:00","2021-10-24T00:16:00Z","g8o2pc6r64c2m6qlffq5atam28@google.com","OPAQUE"
"2020-09-24T00:00:00","2020-09-24T06:00:00","2021-10-24T00:16:00Z","a0n4fr34b3vvtqssoe2fldm9j1@google.com","TRANSPARENT"
"2020-08-22T07:00:00","2020-08-22T08:00:00","2021-10-24T00:16:00Z","t75kuh4c04uo6n4j1espr9k8a8@google.com","OPAQUE"
"2020-08-21T15:00:00","2020-08-21T16:00:00","2021-10-24T00:16:00Z","t75kuh4c04uo6n4j1espr9k8a8@google.com","OPAQUE"
"2020-08-30T05:30:00","2020-08-30T06:30:00","2021-10-24T00:16:00Z","t75kuh4c04uo6n4j1espr9k8a8@google.com","OPAQUE"
"2020-09-08T06:00:00","2020-09-08T07:00:00","2021-10-24T00:16:00Z","t75kuh4c04uo6n4j1espr9k8a8@google.com","OPAQUE"
"2020-09-09T14:00:00","2020-09-09T15:00:00","2021-10-24T00:16:00Z","t75kuh4c04uo6n4j1espr9k8a8@google.com","OPAQUE"
"2020-09-17T06:30:00","2020-09-17T07:30:00","2021-10-24T00:16:00Z","t75kuh4c04uo6n4j1espr9k8a8_R20200917T120000@google.com","OPAQUE"
"2020-09-17T07:00:00","2020-09-17T08:00:00","2021-10-24T00:16:00Z","t75kuh4c04uo6n4j1espr9k8a8_R20200917T120000@google.com","OPAQUE"
"2020-09-04T06:00:00","2020-09-04T07:00:00","2021-10-24T00:16:00Z","l1150iqktdl6cdtndrsi1of0rf@google.com","OPAQUE"
"2020-09-04T11:00:00","2020-09-04T12:00:00","2021-10-24T00:16:00Z","l1150iqktdl6cdtndrsi1of0rf@google.com","OPAQUE"
"2020-09-06T07:30:00","2020-09-06T08:30:00","2021-10-24T00:16:00Z","l1150iqktdl6cdtndrsi1of0rf@google.com","OPAQUE"
"2020-09-07T06:00:00","2020-09-07T07:00:00","2021-10-24T00:16:00Z","l1150iqktdl6cdtndrsi1of0rf@google.com","OPAQUE"
"2020-09-16T05:30:00","2020-09-16T06:30:00","2021-10-24T00:16:00Z","l1150iqktdl6cdtndrsi1of0rf@google.com","OPAQUE"
"2020-09-19T06:00:00","2020-09-19T07:00:00","2021-10-24T00:16:00Z","l1150iqktdl6cdtndrsi1of0rf@google.com","OPAQUE"
"2020-09-27T06:30:00","2020-09-27T07:30:00","2021-10-24T00:16:00Z","l1150iqktdl6cdtndrsi1of0rf@google.com","OPAQUE"
"2020-09-17T00:00:00","2020-09-17T06:00:00","2021-10-24T00:16:00Z","a0n4fr34b3vvtqssoe2fldm9j1@google.com","TRANSPARENT"
"2021-01-26T00:00:00","2021-01-26T07:30:00","2021-10-24T00:16:00Z","a0n4fr34b3vvtqssoe2fldm9j1_R20210126T060000@google.com","TRANSPARENT"
"2021-01-23T00:00:00","2021-01-23T07:30:00","2021-10-24T00:16:00Z","a0n4fr34b3vvtqssoe2fldm9j1_R20210123T060000@google.com","TRANSPARENT"
"2021-01-27T20:00:00","2021-01-27T23:00:00","2021-10-24T00:16:00Z","6jh3a6d3llrf44bnc03evbljm1@google.com","TRANSPARENT"
"2021-01-26T00:00:00","2021-01-26T07:30:00","2021-10-24T00:16:00Z","a0n4fr34b3vvtqssoe2fldm9j1_R20210126T060000@google.com","TRANSPARENT"
"2021-01-26T09:30:00","2021-01-26T18:45:00","2021-10-24T00:16:00Z","0vh84729pl0pqjl0st7ban5kce@google.com","TRANSPARENT"
"2021-03-03T22:00:00","2021-03-03T23:00:00","2021-10-24T00:16:00Z","sgv9iqq3eor9tffg68em9bm5sg@google.com","OPAQUE"
"2021-03-21T21:00:00","2021-03-21T22:00:00","2021-10-24T00:16:00Z","sgv9iqq3eor9tffg68em9bm5sg@google.com","OPAQUE"
"2020-08-22T10:00:00","2020-08-22T11:30:00","2021-10-24T00:16:00Z","tsa0jcbq6sdua8ge49l3t7fvbc@google.com","OPAQUE"
"2020-08-22T20:30:00","2020-08-22T22:00:00","2021-10-24T00:16:00Z","tsa0jcbq6sdua8ge49l3t7fvbc@google.com","OPAQUE"
"2020-09-05T19:45:00","2020-09-05T21:15:00","2021-10-24T00:16:00Z","tsa0jcbq6sdua8ge49l3t7fvbc@google.com","OPAQUE"
"2020-09-12T15:30:00","2020-09-12T17:00:00","2021-10-24T00:16:00Z","tsa0jcbq6sdua8ge49l3t7fvbc@google.com","OPAQUE"
"2020-09-20T15:30:00","2020-09-20T17:00:00","2021-10-24T00:16:00Z","tsa0jcbq6sdua8ge49l3t7fvbc@google.com","OPAQUE"
"2020-10-17T09:30:00","2020-10-17T11:00:00","2021-10-24T00:16:00Z","tsa0jcbq6sdua8ge49l3t7fvbc@google.com","OPAQUE"
"2020-10-24T14:30:00","2020-10-24T16:00:00","2021-10-24T00:16:00Z","tsa0jcbq6sdua8ge49l3t7fvbc@google.com","OPAQUE"
"2021-01-09T22:00:00","2021-01-09T23:30:00","2021-10-24T00:16:00Z","tsa0jcbq6sdua8ge49l3t7fvbc@google.com","OPAQUE"
"2021-01-17T10:15:00","2021-01-17T11:45:00","2021-10-24T00:16:00Z","tsa0jcbq6sdua8ge49l3t7fvbc@google.com","OPAQUE"
"2021-01-24T16:30:00","2021-01-24T18:00:00","2021-10-24T00:16:00Z","tsa0jcbq6sdua8ge49l3t7fvbc@google.com","OPAQUE"
"2021-01-30T17:15:00","2021-01-30T18:45:00","2021-10-24T00:16:00Z","tsa0jcbq6sdua8ge49l3t7fvbc@google.com","OPAQUE"
"2021-02-06T17:00:00","2021-02-06T18:30:00","2021-10-24T00:16:00Z","tsa0jcbq6sdua8ge49l3t7fvbc@google.com","OPAQUE"
"2021-02-13T21:30:00","2021-02-13T23:00:00","2021-10-24T00:16:00Z","tsa0jcbq6sdua8ge49l3t7fvbc@google.com","OPAQUE"
"2021-03-22T21:00:00","2021-03-22T22:00:00","2021-10-24T00:16:00Z","47i8kvc7oe2le6f2fk9ur5fuhr@google.com","OPAQUE"
"2021-03-21T22:00:00","2021-03-22T00:00:00","2021-10-24T00:16:00Z","mha6rqfa7m0k26rpcgndrb7c2o@google.com","OPAQUE"
"2021-01-30T09:30:00","2021-01-30T18:45:00","2021-10-24T00:16:00Z","oukm65kus2c3j5vktnhqc8k71a@google.com","TRANSPARENT"
"2021-04-01T09:00:00","2021-04-01T18:00:00","2021-10-24T00:16:00Z","iremapq9fte205imf366tkh6mi@google.com","TRANSPARENT"
"2021-01-25T07:30:00","2021-01-25T08:30:00","2021-10-24T00:16:00Z","tfje0krs7vdkua7lldvl5nmua0@google.com","OPAQUE"
"2021-01-30T00:00:00","2021-01-30T07:30:00","2021-10-24T00:16:00Z","a0n4fr34b3vvtqssoe2fldm9j1_R20210130T060000@google.com","TRANSPARENT"
"2021-04-06T12:00:00","2021-04-06T13:00:00","2021-10-24T00:16:00Z","59251ejrns3oluvppqetiuqavg@google.com","OPAQUE"
"2021-05-16T00:00:00","2021-05-16T09:00:00","2021-10-24T00:16:00Z","a0n4fr34b3vvtqssoe2fldm9j1_R20210516T050000@google.com","TRANSPARENT"
"2021-05-17T16:00:00Z","2021-05-17T17:00:00Z","2021-10-24T00:16:00Z","4emtq6evfgmn6g11fi4np3aa9q@google.com","OPAQUE"
"2021-05-17T18:00:00Z","2021-05-17T23:00:00Z","2021-10-24T00:16:00Z","0ngi6uesr23fa6d9bcseo0duqv@google.com","OPAQUE"
"2021-05-17T18:00:00","2021-05-17T19:00:00","2021-10-24T00:16:00Z","3a2sr6o072g1j326lv4k6kth3h@google.com","OPAQUE"
"2021-05-17T16:00:00Z","2021-05-17T17:00:00Z","2021-10-24T00:16:00Z","57h2onl3ph17murjj51aqut8c0@google.com","OPAQUE"
"2021-05-25T00:00:00","2021-05-25T01:00:00","2021-10-24T00:16:00Z","a0n4fr34b3vvtqssoe2fldm9j1_R20210517T050000@google.com","TRANSPARENT"
"2021-06-05T00:00:00","2021-06-05T09:00:00","2021-10-24T00:16:00Z","a0n4fr34b3vvtqssoe2fldm9j1_R20210517T050000@google.com","TRANSPARENT"
"2021-05-17T09:00:00","2021-05-17T10:00:00","2021-10-24T00:16:00Z","54h86cb9t1qt38trve7f2ioh4e@google.com","OPAQUE"
"2021-05-18T10:00:00","2021-05-18T11:00:00","2021-10-24T00:16:00Z","54h86cb9t1qt38trve7f2ioh4e@google.com","OPAQUE"
"2021-05-19T10:00:00","2021-05-19T11:00:00","2021-10-24T00:16:00Z","54h86cb9t1qt38trve7f2ioh4e@google.com","OPAQUE"
"2021-05-25T13:00:00","2021-05-25T14:00:00","2021-10-24T00:16:00Z","54h86cb9t1qt38trve7f2ioh4e@google.com","OPAQUE"
"2021-05-28T10:45:00","2021-05-28T11:45:00","2021-10-24T00:16:00Z","54h86cb9t1qt38trve7f2ioh4e@google.com","OPAQUE"
"2021-05-30T10:45:00","2021-05-30T11:45:00","2021-10-24T00:16:00Z","54h86cb9t1qt38trve7f2ioh4e@google.com","OPAQUE"
"2021-05-30T10:45:00","2021-05-30T11:45:00","2021-10-24T00:16:00Z","54h86cb9t1qt38trve7f2ioh4e@google.com","OPAQUE"
"2021-05-17T09:00:00","2021-05-17T18:00:00","2021-10-24T00:16:00Z","12lb4kjeepr9iqql2m6n1vnkuk@google.com","OPAQUE"
"2021-05-25T09:00:00","2021-05-25T09:05:00","2021-10-24T00:16:00Z","12lb4kjeepr9iqql2m6n1vnkuk@google.com","OPAQUE"
"2021-05-26T09:00:00","2021-05-26T09:05:00","2021-10-24T00:16:00Z","12lb4kjeepr9iqql2m6n1vnkuk_R20210526T140000@google.com","OPAQUE"
"2021-05-17T18:00:00","2021-05-18T00:00:00","2021-10-24T00:16:00Z","0o01idugr1cto63p4go0s9v1s2@google.com","OPAQUE"
"2021-05-25T18:00:00","2021-05-25T18:05:00","2021-10-24T00:16:00Z","0o01idugr1cto63p4go0s9v1s2@google.com","OPAQUE"
"2021-06-17T20:30:00","2021-06-17T20:35:00","2021-10-24T00:16:00Z","0o01idugr1cto63p4go0s9v1s2_R20210526T230000@google.com","OPAQUE"
"2021-05-26T18:00:00","2021-05-26T18:05:00","2021-10-24T00:16:00Z","0o01idugr1cto63p4go0s9v1s2_R20210526T230000@google.com","OPAQUE"
"2021-05-17T12:00:00","2021-05-17T13:00:00","2021-10-24T00:16:00Z","37hpv9ltf3765dgm7fqul5aqic@google.com","OPAQUE"
"2021-05-17T13:00:00","2021-05-17T14:00:00","2021-10-24T00:16:00Z","37hpv9ltf3765dgm7fqul5aqic@google.com","OPAQUE"
"2021-05-21T13:30:00","2021-05-21T14:30:00","2021-10-24T00:16:00Z","37hpv9ltf3765dgm7fqul5aqic@google.com","OPAQUE"
"2021-05-24T13:00:00","2021-05-24T14:00:00","2021-10-24T00:16:00Z","37hpv9ltf3765dgm7fqul5aqic@google.com","OPAQUE"
"2021-05-26T14:00:00","2021-05-26T15:00:00","2021-10-24T00:16:00Z","37hpv9ltf3765dgm7fqul5aqic@google.com","OPAQUE"
"2021-06-02T11:30:00","2021-06-02T12:30:00","2021-10-24T00:16:00Z","37hpv9ltf3765dgm7fqul5aqic@google.com","OPAQUE"
"2021-06-03T12:30:00","2021-06-03T13:30:00","2021-10-24T00:16:00Z","37hpv9ltf3765dgm7fqul5aqic@google.com","OPAQUE"
"2021-06-04T12:00:00","2021-06-04T13:00:00","2021-10-24T00:16:00Z","37hpv9ltf3765dgm7fqul5aqic@google.com","OPAQUE"
"2021-06-05T12:45:00","2021-06-05T13:45:00","2021-10-24T00:16:00Z","37hpv9ltf3765dgm7fqul5aqic@google.com","OPAQUE"
"2021-06-06T12:45:00","2021-06-06T13:45:00","2021-10-24T00:16:00Z","37hpv9ltf3765dgm7fqul5aqic@google.com","OPAQUE"
"2021-06-07T13:00:00","2021-06-07T14:00:00","2021-10-24T00:16:00Z","37hpv9ltf3765dgm7fqul5aqic@google.com","OPAQUE"
"2021-06-08T12:30:00","2021-06-08T13:30:00","2021-10-24T00:16:00Z","37hpv9ltf3765dgm7fqul5aqic@google.com","OPAQUE"
"2021-06-10T11:30:00","2021-06-10T12:30:00","2021-10-24T00:16:00Z","37hpv9ltf3765dgm7fqul5aqic@google.com","OPAQUE"
"2021-06-11T11:45:00","2021-06-11T12:45:00","2021-10-24T00:16:00Z","37hpv9ltf3765dgm7fqul5aqic@google.com","OPAQUE"
"2021-06-15T13:30:00","2021-06-15T14:30:00","2021-10-24T00:16:00Z","37hpv9ltf3765dgm7fqul5aqic@google.com","OPAQUE"
"2021-06-17T13:00:00","2021-06-17T14:00:00","2021-10-24T00:16:00Z","37hpv9ltf3765dgm7fqul5aqic@google.com","OPAQUE"
"2021-06-18T14:00:00","2021-06-18T15:00:00","2021-10-24T00:16:00Z","37hpv9ltf3765dgm7fqul5aqic@google.com","OPAQUE"
"2021-06-19T15:15:00","2021-06-19T16:15:00","2021-10-24T00:16:00Z","37hpv9ltf3765dgm7fqul5aqic@google.com","OPAQUE"
"2021-06-20T12:30:00","2021-06-20T13:30:00","2021-10-24T00:16:00Z","37hpv9ltf3765dgm7fqul5aqic@google.com","OPAQUE"
"2021-06-21T14:00:00","2021-06-21T15:00:00","2021-10-24T00:16:00Z","37hpv9ltf3765dgm7fqul5aqic@google.com","OPAQUE"
"2021-06-22T13:00:00","2021-06-22T14:00:00","2021-10-24T00:16:00Z","37hpv9ltf3765dgm7fqul5aqic@google.com","OPAQUE"
"2021-06-23T13:00:00","2021-06-23T14:00:00","2021-10-24T00:16:00Z","37hpv9ltf3765dgm7fqul5aqic@google.com","OPAQUE"
"2021-06-28T13:00:00","2021-06-28T14:00:00","2021-10-24T00:16:00Z","37hpv9ltf3765dgm7fqul5aqic@google.com","OPAQUE"
"2021-06-29T13:00:00","2021-06-29T14:00:00","2021-10-24T00:16:00Z","37hpv9ltf3765dgm7fqul5aqic@google.com","OPAQUE"
"2021-06-30T13:00:00","2021-06-30T14:00:00","2021-10-24T00:16:00Z","37hpv9ltf3765dgm7fqul5aqic@google.com","OPAQUE"
"2021-07-04T16:45:00","2021-07-04T17:45:00","2021-10-24T00:16:00Z","37hpv9ltf3765dgm7fqul5aqic@google.com","OPAQUE"
"2021-07-05T12:00:00","2021-07-05T13:00:00","2021-10-24T00:16:00Z","37hpv9ltf3765dgm7fqul5aqic@google.com","OPAQUE"
"2021-07-06T11:30:00","2021-07-06T12:30:00","2021-10-24T00:16:00Z","37hpv9ltf3765dgm7fqul5aqic@google.com","OPAQUE"
"2021-07-07T12:00:00","2021-07-07T12:30:00","2021-10-24T00:16:00Z","37hpv9ltf3765dgm7fqul5aqic@google.com","OPAQUE"
"2021-07-16T11:45:00","2021-07-16T12:30:00","2021-10-24T00:16:00Z","37hpv9ltf3765dgm7fqul5aqic_R20210708T170000@google.com","OPAQUE"
"2021-07-08T12:00:00","2021-07-08T12:45:00","2021-10-24T00:16:00Z","37hpv9ltf3765dgm7fqul5aqic_R20210708T170000@google.com","OPAQUE"
"2021-07-08T12:15:00","2021-07-08T13:00:00","2021-10-24T00:16:00Z","37hpv9ltf3765dgm7fqul5aqic_R20210708T170000@google.com","OPAQUE"
"2021-07-09T13:45:00","2021-07-09T14:30:00","2021-10-24T00:16:00Z","37hpv9ltf3765dgm7fqul5aqic_R20210708T170000@google.com","OPAQUE"
"2021-07-11T13:30:00","2021-07-11T14:15:00","2021-10-24T00:16:00Z","37hpv9ltf3765dgm7fqul5aqic_R20210708T170000@google.com","OPAQUE"
"2021-07-12T12:30:00","2021-07-12T13:45:00","2021-10-24T00:16:00Z","37hpv9ltf3765dgm7fqul5aqic_R20210708T170000@google.com","OPAQUE"
"2021-06-26T20:00:00","2021-06-26T20:05:00","2021-10-24T00:16:00Z","kk254j964gp5bf2g7p7krt4489@google.com","OPAQUE"
"2021-07-13T12:15:00","2021-07-13T13:30:00","2021-10-24T00:16:00Z","37hpv9ltf3765dgm7fqul5aqic_R20210708T170000@google.com","OPAQUE"
"2021-07-14T12:30:00","2021-07-14T13:45:00","2021-10-24T00:16:00Z","37hpv9ltf3765dgm7fqul5aqic_R20210708T170000@google.com","OPAQUE"
"2021-07-15T10:15:00","2021-07-15T11:00:00","2021-10-24T00:16:00Z","37hpv9ltf3765dgm7fqul5aqic_R20210708T170000@google.com","OPAQUE"
"2021-06-26T11:00:00","2021-06-26T11:05:00","2021-10-24T00:16:00Z","kes3e982oeuq8ntivg2agaif6o@google.com","OPAQUE"
"2021-07-14T11:00:00","2021-07-14T11:05:00","2021-10-24T00:16:00Z","kes3e982oeuq8ntivg2agaif6o_R20210714T160000@google.com","TRANSPARENT"
"2021-07-12T17:00:00","2021-07-12T17:05:00","2021-10-24T00:16:00Z","vmri904kds1cv720te9ncbnd4m@google.com","OPAQUE"
"2021-07-13T21:00:00","2021-07-13T21:05:00","2021-10-24T00:16:00Z","vmri904kds1cv720te9ncbnd4m@google.com","OPAQUE"
"2021-07-14T17:00:00","2021-07-14T17:05:00","2021-10-24T00:16:00Z","vmri904kds1cv720te9ncbnd4m_R20210714T220000@google.com","TRANSPARENT"
"2021-05-17T00:00:00","2021-05-17T09:00:00","2021-10-24T00:16:00Z","a0n4fr34b3vvtqssoe2fldm9j1_R20210517T050000@google.com","TRANSPARENT"
"2021-07-17T12:30:00","2021-07-17T13:15:00","2021-10-24T00:16:00Z","37hpv9ltf3765dgm7fqul5aqic_R20210708T170000@google.com","OPAQUE"
"2021-07-18T13:00:00","2021-07-18T13:45:00","2021-10-24T00:16:00Z","37hpv9ltf3765dgm7fqul5aqic_R20210708T170000@google.com","OPAQUE"
"2021-06-30T18:00:00","2021-06-30T19:00:00","2021-10-24T00:16:00Z","e22vqbi4g23baqse9bpc8ap7bs@google.com","OPAQUE"
"2021-07-02T19:00:00","2021-07-02T20:00:00","2021-10-24T00:16:00Z","e22vqbi4g23baqse9bpc8ap7bs@google.com","OPAQUE"
"2021-07-05T18:30:00","2021-07-05T19:00:00","2021-10-24T00:16:00Z","e22vqbi4g23baqse9bpc8ap7bs@google.com","OPAQUE"
"2021-07-06T21:00:00","2021-07-06T22:00:00","2021-10-24T00:16:00Z","e22vqbi4g23baqse9bpc8ap7bs@google.com","OPAQUE"
"2021-07-08T18:00:00","2021-07-08T19:00:00","2021-10-24T00:16:00Z","e22vqbi4g23baqse9bpc8ap7bs@google.com","OPAQUE"
"2021-07-12T19:00:00","2021-07-12T20:00:00","2021-10-24T00:16:00Z","e22vqbi4g23baqse9bpc8ap7bs@google.com","OPAQUE"
"2021-07-14T20:30:00","2021-07-14T21:30:00","2021-10-24T00:16:00Z","e22vqbi4g23baqse9bpc8ap7bs@google.com","OPAQUE"
"2021-07-16T19:00:00","2021-07-16T20:00:00","2021-10-24T00:16:00Z","e22vqbi4g23baqse9bpc8ap7bs@google.com","OPAQUE"
"2021-07-18T19:30:00","2021-07-18T20:30:00","2021-10-24T00:16:00Z","e22vqbi4g23baqse9bpc8ap7bs@google.com","OPAQUE"
"2021-07-19T21:00:00","2021-07-19T22:00:00","2021-10-24T00:16:00Z","e22vqbi4g23baqse9bpc8ap7bs@google.com","OPAQUE"
"2021-07-21T18:00:00","2021-07-21T19:00:00","2021-10-24T00:16:00Z","e22vqbi4g23baqse9bpc8ap7bs@google.com","OPAQUE"
"2021-08-06T20:00:00Z","2021-08-06T22:00:00Z","2021-10-24T00:16:00Z","umj3d362qu19jdafrgq2bccegg@google.com","OPAQUE"
"2021-07-19T13:00:00","2021-07-19T17:00:00","2021-10-24T00:16:00Z","o98o45m6ls1naaet59mtrqitcg@google.com","OPAQUE"
"2021-07-19T13:15:00","2021-07-19T17:15:00","2021-10-24T00:16:00Z","o98o45m6ls1naaet59mtrqitcg@google.com","OPAQUE"
"2021-08-06T13:00:00","2021-08-06T17:00:00","2021-10-24T00:16:00Z","o98o45m6ls1naaet59mtrqitcg_R20210803T180000@google.com","OPAQUE"
"2021-08-03T13:00:00","2021-08-03T17:00:00","2021-10-24T00:16:00Z","o98o45m6ls1naaet59mtrqitcg_R20210803T180000@google.com","OPAQUE"
"2021-07-19T11:45:00","2021-07-19T12:45:00","2021-10-24T00:16:00Z","kcau7v8iadk9pgqvkl1670l24i@google.com","OPAQUE"
"2021-07-19T13:30:00","2021-07-19T14:30:00","2021-10-24T00:16:00Z","kcau7v8iadk9pgqvkl1670l24i@google.com","OPAQUE"
"2021-07-20T13:00:00","2021-07-20T13:45:00","2021-10-24T00:16:00Z","kcau7v8iadk9pgqvkl1670l24i_R20210720T164500@google.com","OPAQUE"
"2021-07-21T13:00:00","2021-07-21T13:45:00","2021-10-24T00:16:00Z","kcau7v8iadk9pgqvkl1670l24i_R20210720T164500@google.com","OPAQUE"
"2021-07-23T14:00:00","2021-07-23T14:45:00","2021-10-24T00:16:00Z","kcau7v8iadk9pgqvkl1670l24i_R20210720T164500@google.com","OPAQUE"
"2021-07-24T12:45:00","2021-07-24T13:30:00","2021-10-24T00:16:00Z","kcau7v8iadk9pgqvkl1670l24i_R20210720T164500@google.com","OPAQUE"
"2021-07-25T13:00:00","2021-07-25T13:45:00","2021-10-24T00:16:00Z","kcau7v8iadk9pgqvkl1670l24i_R20210720T164500@google.com","OPAQUE"
"2021-07-27T13:00:00","2021-07-27T13:45:00","2021-10-24T00:16:00Z","kcau7v8iadk9pgqvkl1670l24i_R20210720T164500@google.com","OPAQUE"
"2021-07-29T13:00:00","2021-07-29T13:45:00","2021-10-24T00:16:00Z","kcau7v8iadk9pgqvkl1670l24i_R20210720T164500@google.com","OPAQUE"
"2021-08-01T12:15:00","2021-08-01T13:00:00","2021-10-24T00:16:00Z","kcau7v8iadk9pgqvkl1670l24i_R20210720T164500@google.com","OPAQUE"
"2021-08-12T12:30:00","2021-08-12T13:15:00","2021-10-24T00:16:00Z","kcau7v8iadk9pgqvkl1670l24i_R20210720T164500@google.com","OPAQUE"
"2021-08-13T13:00:00","2021-08-13T13:45:00","2021-10-24T00:16:00Z","kcau7v8iadk9pgqvkl1670l24i_R20210720T164500@google.com","OPAQUE"
"2021-08-20T12:00:00","2021-08-20T12:45:00","2021-10-24T00:16:00Z","kcau7v8iadk9pgqvkl1670l24i_R20210720T164500@google.com","OPAQUE"
"2021-08-21T17:00:00","2021-08-21T17:45:00","2021-10-24T00:16:00Z","kcau7v8iadk9pgqvkl1670l24i_R20210720T164500@google.com","OPAQUE"
"2021-08-22T13:45:00","2021-08-22T14:30:00","2021-10-24T00:16:00Z","kcau7v8iadk9pgqvkl1670l24i_R20210720T164500@google.com","OPAQUE"
"2021-08-23T14:00:00","2021-08-23T14:45:00","2021-10-24T00:16:00Z","kcau7v8iadk9pgqvkl1670l24i_R20210720T164500@google.com","OPAQUE"
"2021-08-27T12:00:00","2021-08-27T12:45:00","2021-10-24T00:16:00Z","kcau7v8iadk9pgqvkl1670l24i_R20210720T164500@google.com","OPAQUE"
"2021-07-20T11:45:00","2021-07-20T12:30:00","2021-10-24T00:16:00Z","kcau7v8iadk9pgqvkl1670l24i_R20210720T164500@google.com","OPAQUE"
"2021-05-18T19:00:00","2021-05-18T20:00:00","2021-10-24T00:16:00Z","puk8as2su2rshoj182i508ov64@google.com","OPAQUE"
"2021-05-24T20:00:00","2021-05-24T21:00:00","2021-10-24T00:16:00Z","puk8as2su2rshoj182i508ov64@google.com","OPAQUE"
"2021-05-25T20:30:00","2021-05-25T21:30:00","2021-10-24T00:16:00Z","puk8as2su2rshoj182i508ov64@google.com","OPAQUE"
"2021-05-27T19:15:00","2021-05-27T20:15:00","2021-10-24T00:16:00Z","puk8as2su2rshoj182i508ov64@google.com","OPAQUE"
"2021-05-29T20:30:00","2021-05-29T21:30:00","2021-10-24T00:16:00Z","puk8as2su2rshoj182i508ov64@google.com","OPAQUE"
"2021-06-08T19:30:00","2021-06-08T20:30:00","2021-10-24T00:16:00Z","puk8as2su2rshoj182i508ov64@google.com","OPAQUE"
"2021-06-15T21:00:00","2021-06-15T22:00:00","2021-10-24T00:16:00Z","puk8as2su2rshoj182i508ov64@google.com","OPAQUE"
"2021-06-16T20:00:00","2021-06-16T21:00:00","2021-10-24T00:16:00Z","puk8as2su2rshoj182i508ov64@google.com","OPAQUE"
"2021-06-18T20:00:00","2021-06-18T21:00:00","2021-10-24T00:16:00Z","puk8as2su2rshoj182i508ov64@google.com","OPAQUE"
"2021-06-19T23:00:00","2021-06-20T00:00:00","2021-10-24T00:16:00Z","puk8as2su2rshoj182i508ov64@google.com","OPAQUE"
"2021-06-20T22:00:00","2021-06-20T23:00:00","2021-10-24T00:16:00Z","puk8as2su2rshoj182i508ov64@google.com","OPAQUE"
"2021-06-22T23:00:00","2021-06-23T00:00:00","2021-10-24T00:16:00Z","puk8as2su2rshoj182i508ov64@google.com","OPAQUE"
"2021-06-23T20:00:00","2021-06-23T21:00:00","2021-10-24T00:16:00Z","puk8as2su2rshoj182i508ov64@google.com","OPAQUE"
"2021-06-25T20:00:00","2021-06-25T21:00:00","2021-10-24T00:16:00Z","puk8as2su2rshoj182i508ov64@google.com","OPAQUE"
"2021-06-26T20:30:00","2021-06-26T22:00:00","2021-10-24T00:16:00Z","puk8as2su2rshoj182i508ov64@google.com","OPAQUE"
"2021-06-28T22:15:00","2021-06-28T23:15:00","2021-10-24T00:16:00Z","puk8as2su2rshoj182i508ov64@google.com","OPAQUE"
"2021-06-29T20:00:00","2021-06-29T21:00:00","2021-10-24T00:16:00Z","puk8as2su2rshoj182i508ov64@google.com","OPAQUE"
"2021-07-01T20:45:00","2021-07-01T21:45:00","2021-10-24T00:16:00Z","puk8as2su2rshoj182i508ov64@google.com","OPAQUE"
"2021-07-02T20:00:00","2021-07-02T21:00:00","2021-10-24T00:16:00Z","puk8as2su2rshoj182i508ov64@google.com","OPAQUE"
"2021-07-04T21:45:00","2021-07-04T22:45:00","2021-10-24T00:16:00Z","puk8as2su2rshoj182i508ov64@google.com","OPAQUE"
"2021-07-06T21:00:00","2021-07-06T22:00:00","2021-10-24T00:16:00Z","puk8as2su2rshoj182i508ov64@google.com","OPAQUE"
"2021-07-07T20:30:00","2021-07-07T21:30:00","2021-10-24T00:16:00Z","puk8as2su2rshoj182i508ov64@google.com","OPAQUE"
"2021-07-08T18:30:00","2021-07-08T19:30:00","2021-10-24T00:16:00Z","puk8as2su2rshoj182i508ov64@google.com","OPAQUE"
"2021-07-11T20:15:00","2021-07-11T21:15:00","2021-10-24T00:16:00Z","puk8as2su2rshoj182i508ov64@google.com","OPAQUE"
"2021-07-12T19:00:00","2021-07-12T20:00:00","2021-10-24T00:16:00Z","puk8as2su2rshoj182i508ov64@google.com","OPAQUE"
"2021-07-13T18:30:00","2021-07-13T19:30:00","2021-10-24T00:16:00Z","puk8as2su2rshoj182i508ov64@google.com","OPAQUE"
"2021-07-14T20:30:00","2021-07-14T21:30:00","2021-10-24T00:16:00Z","puk8as2su2rshoj182i508ov64@google.com","OPAQUE"
"2021-07-18T20:00:00","2021-07-18T21:00:00","2021-10-24T00:16:00Z","puk8as2su2rshoj182i508ov64@google.com","OPAQUE"
"2021-07-19T22:00:00","2021-07-19T23:00:00","2021-10-24T00:16:00Z","puk8as2su2rshoj182i508ov64@google.com","OPAQUE"
"2021-07-20T21:15:00","2021-07-20T22:15:00","2021-10-24T00:16:00Z","puk8as2su2rshoj182i508ov64@google.com","OPAQUE"
"2021-08-23T20:00:00","2021-08-23T21:00:00","2021-10-24T00:16:00Z","puk8as2su2rshoj182i508ov64@google.com","OPAQUE"
"2021-08-26T20:45:00","2021-08-26T21:45:00","2021-10-24T00:16:00Z","puk8as2su2rshoj182i508ov64@google.com","OPAQUE"
"2021-09-04T19:00:00","2021-09-04T20:00:00","2021-10-24T00:16:00Z","puk8as2su2rshoj182i508ov64@google.com","OPAQUE"
"2021-09-09T18:00:00Z","2021-09-09T21:00:00Z","2021-10-24T00:16:00Z","h56p53qt17j3jgsdee1rvra67s@google.com","OPAQUE"
"2021-09-10T19:00:00","2021-09-10T20:00:00","2021-10-24T00:16:00Z","9k33bk8mhoa4d60u0nqst6fbg1@google.com","OPAQUE"
"2021-09-11T19:00:00","2021-09-11T20:00:00","2021-10-24T00:16:00Z","9k33bk8mhoa4d60u0nqst6fbg1@google.com","OPAQUE"
"2021-09-12T19:30:00","2021-09-12T20:30:00","2021-10-24T00:16:00Z","9k33bk8mhoa4d60u0nqst6fbg1@google.com","OPAQUE"
"2021-09-05T20:00:00","2021-09-05T21:00:00","2021-10-24T00:16:00Z","9k33bk8mhoa4d60u0nqst6fbg1@google.com","OPAQUE"
"2021-09-22T17:45:00","2021-09-22T18:30:00","2021-10-24T00:16:00Z","9k33bk8mhoa4d60u0nqst6fbg1_R20210914T010000@google.com","OPAQUE"
"2021-09-23T17:15:00","2021-09-23T18:00:00","2021-10-24T00:16:00Z","9k33bk8mhoa4d60u0nqst6fbg1_R20210914T010000@google.com","OPAQUE"
"2021-09-27T22:45:00","2021-09-27T23:30:00","2021-10-24T00:16:00Z","9k33bk8mhoa4d60u0nqst6fbg1_R20210914T010000@google.com","OPAQUE"
"2021-09-29T19:45:00","2021-09-29T20:30:00","2021-10-24T00:16:00Z","9k33bk8mhoa4d60u0nqst6fbg1_R20210914T010000@google.com","OPAQUE"
"2021-08-14T00:00:00","2021-08-14T06:00:00","2021-10-24T00:16:00Z","a0n4fr34b3vvtqssoe2fldm9j1_R20210715T050000@google.com","TRANSPARENT"
"2021-10-02T00:00:00","2021-10-02T09:00:00","2021-10-24T00:16:00Z","a0n4fr34b3vvtqssoe2fldm9j1_R20210715T050000@google.com","TRANSPARENT"
"2021-07-15T00:00:00","2021-07-15T09:00:00","2021-10-24T00:16:00Z","a0n4fr34b3vvtqssoe2fldm9j1_R20210715T050000@google.com","TRANSPARENT"
"2021-10-10T20:15:00","2021-10-10T21:00:00","2021-10-24T00:16:00Z","9k33bk8mhoa4d60u0nqst6fbg1_R20210914T010000@google.com","TRANSPARENT"
"2021-10-11T23:00:00","2021-10-11T23:45:00","2021-10-24T00:16:00Z","9k33bk8mhoa4d60u0nqst6fbg1_R20210914T010000@google.com","TRANSPARENT"
"2021-10-13T19:45:00","2021-10-13T20:30:00","2021-10-24T00:16:00Z","9k33bk8mhoa4d60u0nqst6fbg1_R20210914T010000@google.com","TRANSPARENT"
"2021-09-05T12:15:00","2021-09-05T13:00:00","2021-10-24T00:16:00Z","roo05aaslginvutjb5vajhulb4@google.com","OPAQUE"
"2021-09-09T12:00:00","2021-09-09T12:45:00","2021-10-24T00:16:00Z","roo05aaslginvutjb5vajhulb4@google.com","OPAQUE"
"2021-09-13T13:15:00","2021-09-13T14:00:00","2021-10-24T00:16:00Z","roo05aaslginvutjb5vajhulb4@google.com","OPAQUE"
"2021-09-14T12:45:00","2021-09-14T13:30:00","2021-10-24T00:16:00Z","roo05aaslginvutjb5vajhulb4@google.com","OPAQUE"
"2021-09-15T11:30:00","2021-09-15T12:15:00","2021-10-24T00:16:00Z","roo05aaslginvutjb5vajhulb4@google.com","OPAQUE"
"2021-09-23T11:45:00","2021-09-23T12:30:00","2021-10-24T00:16:00Z","roo05aaslginvutjb5vajhulb4@google.com","OPAQUE"
"2021-09-25T14:00:00","2021-09-25T14:45:00","2021-10-24T00:16:00Z","roo05aaslginvutjb5vajhulb4@google.com","OPAQUE"
"2021-09-26T12:00:00","2021-09-26T12:45:00","2021-10-24T00:16:00Z","roo05aaslginvutjb5vajhulb4@google.com","OPAQUE"
"2021-09-27T11:15:00","2021-09-27T12:00:00","2021-10-24T00:16:00Z","roo05aaslginvutjb5vajhulb4@google.com","OPAQUE"
"2021-10-04T11:15:00","2021-10-04T12:00:00","2021-10-24T00:16:00Z","roo05aaslginvutjb5vajhulb4@google.com","OPAQUE"
"2021-10-06T11:15:00","2021-10-06T12:00:00","2021-10-24T00:16:00Z","roo05aaslginvutjb5vajhulb4@google.com","OPAQUE"
"2021-10-07T12:15:00","2021-10-07T13:00:00","2021-10-24T00:16:00Z","roo05aaslginvutjb5vajhulb4@google.com","OPAQUE"
"2021-10-08T11:00:00","2021-10-08T11:45:00","2021-10-24T00:16:00Z","roo05aaslginvutjb5vajhulb4@google.com","OPAQUE"
"2021-10-11T11:15:00","2021-10-11T12:00:00","2021-10-24T00:16:00Z","roo05aaslginvutjb5vajhulb4@google.com","OPAQUE"
"2021-10-13T11:00:00","2021-10-13T11:45:00","2021-10-24T00:16:00Z","roo05aaslginvutjb5vajhulb4@google.com","OPAQUE"
"2021-10-16T12:45:00","2021-10-16T13:30:00","2021-10-24T00:16:00Z","roo05aaslginvutjb5vajhulb4@google.com","OPAQUE"
"2021-10-18T13:00:00","2021-10-18T13:45:00","2021-10-24T00:16:00Z","roo05aaslginvutjb5vajhulb4@google.com","OPAQUE"
"2021-10-20T11:15:00","2021-10-20T12:00:00","2021-10-24T00:16:00Z","roo05aaslginvutjb5vajhulb4@google.com","OPAQUE"
"2021-10-23T13:00:00","2021-10-23T13:45:00","2021-10-24T00:16:00Z","roo05aaslginvutjb5vajhulb4@google.com","OPAQUE"
"2021-10-17T20:00:00","2021-10-17T20:45:00","2021-10-24T00:16:00Z","9k33bk8mhoa4d60u0nqst6fbg1_R20210914T010000@google.com","OPAQUE"
"2021-10-16T20:00:00","2021-10-16T20:45:00","2021-10-24T00:16:00Z","9k33bk8mhoa4d60u0nqst6fbg1_R20210914T010000@google.com","OPAQUE"
"2021-09-13T20:00:00","2021-09-13T20:45:00","2021-10-24T00:16:00Z","9k33bk8mhoa4d60u0nqst6fbg1_R20210914T010000@google.com","TRANSPARENT"
"2021-10-23T20:00:00","2021-10-23T20:45:00","2021-10-24T00:16:00Z","9k33bk8mhoa4d60u0nqst6fbg1_R20211024T010000@google.com","OPAQUE"
"2021-10-15T20:00:00","2021-10-15T20:45:00","2021-10-24T00:16:00Z","9k33bk8mhoa4d60u0nqst6fbg1_R20210914T010000@google.com","OPAQUE"
"2021-10-18T20:00:00","2021-10-18T20:45:00","2021-10-24T00:16:00Z","9k33bk8mhoa4d60u0nqst6fbg1_R20210914T010000@google.com","OPAQUE"
"2021-10-19T19:15:00","2021-10-19T20:00:00","2021-10-24T00:16:00Z","9k33bk8mhoa4d60u0nqst6fbg1_R20210914T010000@google.com","OPAQUE"
"2021-10-20T20:45:00","2021-10-20T21:30:00","2021-10-24T00:16:00Z","9k33bk8mhoa4d60u0nqst6fbg1_R20210914T010000@google.com","OPAQUE"
"2021-10-21T20:00:00","2021-10-21T20:45:00","2021-10-24T00:16:00Z","9k33bk8mhoa4d60u0nqst6fbg1_R20210914T010000@google.com","OPAQUE"
"2021-10-22T20:00:00","2021-10-22T20:45:00","2021-10-24T00:16:00Z","9k33bk8mhoa4d60u0nqst6fbg1_R20210914T010000@google.com","OPAQUE"