﻿User,Email,Client,Project,Task,Description,Billable,Start date,Start time,End date,End time,Duration,Tags,Amount (USD)
Avery,727avery@gmail.com,,Planning,,"",No,2021-10-15,00:29:52,2021-10-15,01:39:19,01:09:27,,
Avery,727avery@gmail.com,,,,getting moving _ quarters,No,2021-10-15,19:12:10,2021-10-15,19:44:58,00:32:48,,
Avery,727avery@gmail.com,,,,getting moving,No,2021-10-15,19:45:00,2021-10-15,20:18:33,00:33:33,,
Avery,727avery@gmail.com,,School,,576,No,2021-10-15,21:13:40,2021-10-16,00:10:51,02:57:11,,
Avery,727avery@gmail.com,,Chores,,"",No,2021-10-16,18:49:15,2021-10-16,19:50:55,01:01:40,,
Avery,727avery@gmail.com,,,,distracted things3 possible apis,No,2021-10-16,20:19:09,2021-10-16,20:30:22,00:11:13,,
Avery,727avery@gmail.com,,Planning,,"",No,2021-10-16,20:41:05,2021-10-16,21:18:23,00:37:18,,
Avery,727avery@gmail.com,,School,,576,No,2021-10-16,21:18:36,2021-10-16,22:40:48,01:22:12,,
Avery,727avery@gmail.com,,School,,639,No,2021-10-16,22:40:49,2021-10-16,23:45:58,01:05:09,,
Avery,727avery@gmail.com,,,,"",No,2021-10-17,22:59:46,2021-10-17,23:47:25,00:47:39,,
Avery,727avery@gmail.com,,School,,639,No,2021-10-17,23:47:30,2021-10-18,00:33:23,00:45:53,,
Avery,727avery@gmail.com,,School,,"",No,2021-10-18,01:50:00,2021-10-18,03:39:48,01:49:48,,
Avery,727avery@gmail.com,,School,,340,No,2021-10-18,13:42:33,2021-10-18,15:53:16,02:10:43,,
Avery,727avery@gmail.com,,Working,,coding test,No,2021-10-18,16:13:35,2021-10-18,18:00:42,01:47:07,,
Avery,727avery@gmail.com,,Planning,,"",No,2021-10-18,19:02:04,2021-10-18,19:48:16,00:46:12,,
Avery,727avery@gmail.com,,School,,576,No,2021-10-18,19:48:18,2021-10-18,20:35:28,00:47:10,,
Avery,727avery@gmail.com,,Planning,,"",No,2021-10-18,21:57:41,2021-10-18,22:22:14,00:24:33,,
Avery,727avery@gmail.com,,School,,"",No,2021-10-18,22:24:00,2021-10-18,22:32:00,00:08:00,,
Avery,727avery@gmail.com,,School,,640,No,2021-10-18,22:50:15,2021-10-19,02:08:09,03:17:54,,
Avery,727avery@gmail.com,,School,,640,No,2021-10-19,03:04:00,2021-10-19,04:17:08,01:13:08,,
Avery,727avery@gmail.com,,School,,mastml,No,2021-10-19,18:14:07,2021-10-19,20:45:03,02:30:56,,
Avery,727avery@gmail.com,,Chores,,"",No,2021-10-19,20:47:46,2021-10-19,20:55:18,00:07:32,,
Avery,727avery@gmail.com,,School,,640,No,2021-10-19,21:44:12,2021-10-19,23:56:27,02:12:15,,
Avery,727avery@gmail.com,,Planning,,"",No,2021-10-20,01:24:20,2021-10-20,01:43:41,00:19:21,,
Avery,727avery@gmail.com,,Working,,job apps,No,2021-10-20,01:43:44,2021-10-20,01:58:00,00:14:16,,
Avery,727avery@gmail.com,,Planning,,"",No,2021-10-20,01:58:00,2021-10-20,02:25:27,00:27:27,,
Avery,727avery@gmail.com,,Planning,,"",No,2021-10-20,02:26:00,2021-10-20,02:33:27,00:07:27,,
Avery,727avery@gmail.com,,School,,639,No,2021-10-20,02:34:06,2021-10-20,03:32:49,00:58:43,,
Avery,727avery@gmail.com,,School,,639,No,2021-10-20,03:53:20,2021-10-20,04:28:02,00:34:42,,
Avery,727avery@gmail.com,,,,"",No,2021-10-20,17:36:00,2021-10-20,18:27:33,00:51:33,,
Avery,727avery@gmail.com,,Planning,,"",No,2021-10-20,18:33:22,2021-10-20,18:47:45,00:14:23,,
Avery,727avery@gmail.com,,School,,"",No,2021-10-20,21:15:00,2021-10-20,21:45:00,00:30:00,,
Avery,727avery@gmail.com,,Working,,"",No,2021-10-20,23:12:04,2021-10-20,23:27:36,00:15:32,,
Avery,727avery@gmail.com,,School,,"",No,2021-10-20,23:27:39,2021-10-21,01:10:13,01:42:34,,
Avery,727avery@gmail.com,,Chores,,"",No,2021-10-21,01:54:00,2021-10-21,02:04:23,00:10:23,,
Avery,727avery@gmail.com,,School,,640,No,2021-10-21,03:15:52,2021-10-21,04:40:14,01:24:22,,
Avery,727avery@gmail.com,,Working,,job apps,No,2021-10-21,04:42:39,2021-10-21,05:14:52,00:32:13,,
Avery,727avery@gmail.com,,Planning,,"",No,2021-10-21,18:29:59,2021-10-21,19:00:08,00:30:09,,
Avery,727avery@gmail.com,,School,,mastml,No,2021-10-21,19:00:09,2021-10-21,19:48:55,00:48:46,,
Avery,727avery@gmail.com,,Planning,,"",No,2021-10-21,19:48:58,2021-10-21,20:04:32,00:15:34,,
Avery,727avery@gmail.com,,School,,576,No,2021-10-21,20:04:38,2021-10-21,20:25:34,00:20:56,,
Avery,727avery@gmail.com,,Chores,,"",No,2021-10-21,20:29:31,2021-10-21,20:48:19,00:18:48,,
Avery,727avery@gmail.com,,School,,576,No,2021-10-21,21:10:00,2021-10-21,22:09:51,00:59:51,"lowenergy, workwithothers",
Avery,727avery@gmail.com,,Working,,"",No,2021-10-21,22:36:00,2021-10-21,22:45:29,00:09:29,,
Avery,727avery@gmail.com,,Chores,,"",No,2021-10-22,02:30:55,2021-10-22,04:04:56,01:34:01,,
Avery,727avery@gmail.com,,Planning,,"",No,2021-10-22,16:33:13,2021-10-22,16:39:42,00:06:29,,
Avery,727avery@gmail.com,,School,,340,No,2021-10-22,18:26:40,2021-10-22,20:39:35,02:12:55,,
Avery,727avery@gmail.com,,,,"",No,2021-10-22,20:56:49,2021-10-22,21:26:37,00:29:48,,
